# Copyright (C) 1991-2014 Altera Corporation. All rights reserved.
# Your use of Altera Corporation's design tools, logic functions 
# and other software and tools, and its AMPP partner logic 
# functions, and any output files from any of the foregoing 
# (including device programming or simulation files), and any 
# associated documentation or information are expressly subject 
# to the terms and conditions of the Altera Program License 
# Subscription Agreement, the Altera Quartus II License Agreement,
# the Altera MegaCore Function License Agreement, or other 
# applicable license agreement, including, without limitation, 
# that your use is for the sole purpose of programming logic 
# devices manufactured by Altera and sold by Altera or its 
# authorized distributors.  Please refer to the applicable 
# agreement for further details.

# Quartus II 64-Bit Version 14.1.0 Build 186 12/03/2014 SJ Web Edition
# File: C:\Users\Paul\Desktop\M68k.csv
# Generated on: Sat Oct 03 16:45:25 2015

# Note: The column header names should not be changed if you wish to import this .csv file into the Quartus II software.

To,Direction,Location,I/O Bank,VREF Group,I/O Standard,Reserved,Current Strength,Fitter Location,Slew Rate,Differential Pair,Transceiver Analog Settings Protocol,VCCR_GXB/VCCT_GXB Voltage,Transceiver I/O Pin Termination,Transceiver Dedicated Refclk Pin Termination,Transmitter Common Mode Driver Voltage,Transmitter Slew Rate Control,Transmitter Differential Output Voltage,Receiver Buffer Common Mode Voltage,Strict Preservation
altera_reserved_tck,Input,,,,,,,PIN_AC5,,,,,,,,,,,
altera_reserved_tdi,Input,,,,,,,PIN_U8,,,,,,,,,,,
altera_reserved_tdo,Output,,,,,,,PIN_AB9,,,,,,,,,,,
altera_reserved_tms,Input,,,,,,,PIN_V9,,,,,,,,,,,
CLOCK_50,Input,PIN_AF14,3B,B3B_N0,3.3-V LVTTL,,,PIN_AF14,,,,,,,,,,,
DRAM_ADDR[12],Output,PIN_AJ14,3B,B3B_N0,3.3-V LVTTL,,,PIN_AJ14,,,,,,,,,,,
DRAM_ADDR[11],Output,PIN_AH13,3B,B3B_N0,3.3-V LVTTL,,,PIN_AH13,,,,,,,,,,,
DRAM_ADDR[10],Output,PIN_AG12,3B,B3B_N0,3.3-V LVTTL,,,PIN_AG12,,,,,,,,,,,
DRAM_ADDR[9],Output,PIN_AG13,3B,B3B_N0,3.3-V LVTTL,,,PIN_AG13,,,,,,,,,,,
DRAM_ADDR[8],Output,PIN_AH15,3B,B3B_N0,3.3-V LVTTL,,,PIN_AH15,,,,,,,,,,,
DRAM_ADDR[7],Output,PIN_AF15,3B,B3B_N0,3.3-V LVTTL,,,PIN_AF15,,,,,,,,,,,
DRAM_ADDR[6],Output,PIN_AD14,3B,B3B_N0,3.3-V LVTTL,,,PIN_AD14,,,,,,,,,,,
DRAM_ADDR[5],Output,PIN_AC14,3B,B3B_N0,3.3-V LVTTL,,,PIN_AC14,,,,,,,,,,,
DRAM_ADDR[4],Output,PIN_AB15,3B,B3B_N0,3.3-V LVTTL,,,PIN_AB15,,,,,,,,,,,
DRAM_ADDR[3],Output,PIN_AE14,3B,B3B_N0,3.3-V LVTTL,,,PIN_AE14,,,,,,,,,,,
DRAM_ADDR[2],Output,PIN_AG15,3B,B3B_N0,3.3-V LVTTL,,,PIN_AG15,,,,,,,,,,,
DRAM_ADDR[1],Output,PIN_AH14,3B,B3B_N0,3.3-V LVTTL,,,PIN_AH14,,,,,,,,,,,
DRAM_ADDR[0],Output,PIN_AK14,3B,B3B_N0,3.3-V LVTTL,,,PIN_AK14,,,,,,,,,,,
DRAM_BA[1],Output,PIN_AJ12,3B,B3B_N0,3.3-V LVTTL,,,PIN_AJ12,,,,,,,,,,,
DRAM_BA[0],Output,PIN_AF13,3B,B3B_N0,3.3-V LVTTL,,,PIN_AF13,,,,,,,,,,,
DRAM_CAS_N,Output,PIN_AF11,3B,B3B_N0,3.3-V LVTTL,,,PIN_AF11,,,,,,,,,,,
DRAM_CKE,Output,PIN_AK13,3B,B3B_N0,3.3-V LVTTL,,,PIN_AK13,,,,,,,,,,,
DRAM_CLK,Output,PIN_AH12,3B,B3B_N0,3.3-V LVTTL,,,PIN_AH12,,,,,,,,,,,
DRAM_CS_N,Output,PIN_AG11,3B,B3B_N0,3.3-V LVTTL,,,PIN_AG11,,,,,,,,,,,
DRAM_DQ[15],Bidir,PIN_AJ5,3B,B3B_N0,3.3-V LVTTL,,,PIN_AJ5,,,,,,,,,,,
DRAM_DQ[14],Bidir,PIN_AJ6,3B,B3B_N0,3.3-V LVTTL,,,PIN_AJ6,,,,,,,,,,,
DRAM_DQ[13],Bidir,PIN_AH7,3B,B3B_N0,3.3-V LVTTL,,,PIN_AH7,,,,,,,,,,,
DRAM_DQ[12],Bidir,PIN_AH8,3B,B3B_N0,3.3-V LVTTL,,,PIN_AH8,,,,,,,,,,,
DRAM_DQ[11],Bidir,PIN_AH9,3B,B3B_N0,3.3-V LVTTL,,,PIN_AH9,,,,,,,,,,,
DRAM_DQ[10],Bidir,PIN_AJ9,3B,B3B_N0,3.3-V LVTTL,,,PIN_AJ9,,,,,,,,,,,
DRAM_DQ[9],Bidir,PIN_AJ10,3B,B3B_N0,3.3-V LVTTL,,,PIN_AJ10,,,,,,,,,,,
DRAM_DQ[8],Bidir,PIN_AH10,3B,B3B_N0,3.3-V LVTTL,,,PIN_AH10,,,,,,,,,,,
DRAM_DQ[7],Bidir,PIN_AJ11,3B,B3B_N0,3.3-V LVTTL,,,PIN_AJ11,,,,,,,,,,,
DRAM_DQ[6],Bidir,PIN_AK11,3B,B3B_N0,3.3-V LVTTL,,,PIN_AK11,,,,,,,,,,,
DRAM_DQ[5],Bidir,PIN_AG10,3B,B3B_N0,3.3-V LVTTL,,,PIN_AG10,,,,,,,,,,,
DRAM_DQ[4],Bidir,PIN_AK9,3B,B3B_N0,3.3-V LVTTL,,,PIN_AK9,,,,,,,,,,,
DRAM_DQ[3],Bidir,PIN_AK8,3B,B3B_N0,3.3-V LVTTL,,,PIN_AK8,,,,,,,,,,,
DRAM_DQ[2],Bidir,PIN_AK7,3B,B3B_N0,3.3-V LVTTL,,,PIN_AK7,,,,,,,,,,,
DRAM_DQ[1],Bidir,PIN_AJ7,3B,B3B_N0,3.3-V LVTTL,,,PIN_AJ7,,,,,,,,,,,
DRAM_DQ[0],Bidir,PIN_AK6,3B,B3B_N0,3.3-V LVTTL,,,PIN_AK6,,,,,,,,,,,
DRAM_LDQM,Output,PIN_AB13,3B,B3B_N0,3.3-V LVTTL,,,PIN_AB13,,,,,,,,,,,
DRAM_RAS_N,Output,PIN_AE13,3B,B3B_N0,3.3-V LVTTL,,,PIN_AE13,,,,,,,,,,,
DRAM_UDQM,Output,PIN_AK12,3B,B3B_N0,3.3-V LVTTL,,,PIN_AK12,,,,,,,,,,,
DRAM_WE_N,Output,PIN_AA13,3B,B3B_N0,3.3-V LVTTL,,,PIN_AA13,,,,,,,,,,,
GPIO_0[35],Bidir,PIN_AJ21,4A,B4A_N0,3.3-V LVTTL,,,PIN_AJ21,,,,,,,,,,,
GPIO_0[34],Bidir,PIN_AG18,4A,B4A_N0,3.3-V LVTTL,,,PIN_AG18,,,,,,,,,,,
GPIO_0[33],Bidir,PIN_AG20,4A,B4A_N0,3.3-V LVTTL,,,PIN_AG20,,,,,,,,,,,
GPIO_0[32],Bidir,PIN_AF18,4A,B4A_N0,3.3-V LVTTL,,,PIN_AF18,,,,,,,,,,,
GPIO_0[31],Bidir,PIN_AG21,4A,B4A_N0,3.3-V LVTTL,,,PIN_AG21,,,,,,,,,,,
GPIO_0[30],Bidir,PIN_AF19,4A,B4A_N0,3.3-V LVTTL,,,PIN_AF19,,,,,,,,,,,
GPIO_0[29],Bidir,PIN_AF21,4A,B4A_N0,3.3-V LVTTL,,,PIN_AF21,,,,,,,,,,,
GPIO_0[28],Bidir,PIN_AF20,4A,B4A_N0,3.3-V LVTTL,,,PIN_AF20,,,,,,,,,,,
GPIO_0[27],Bidir,PIN_AE19,4A,B4A_N0,3.3-V LVTTL,,,PIN_AE19,,,,,,,,,,,
GPIO_0[26],Bidir,PIN_AE18,4A,B4A_N0,3.3-V LVTTL,,,PIN_AE18,,,,,,,,,,,
GPIO_0[25],Bidir,PIN_AD20,4A,B4A_N0,3.3-V LVTTL,,,PIN_AD20,,,,,,,,,,,
GPIO_0[24],Bidir,PIN_AD19,4A,B4A_N0,3.3-V LVTTL,,,PIN_AD19,,,,,,,,,,,
GPIO_0[23],Bidir,PIN_AK21,4A,B4A_N0,3.3-V LVTTL,,,PIN_AK21,,,,,,,,,,,
GPIO_0[22],Bidir,PIN_AH20,4A,B4A_N0,3.3-V LVTTL,,,PIN_AH20,,,,,,,,,,,
GPIO_0[21],Bidir,PIN_AJ20,4A,B4A_N0,3.3-V LVTTL,,,PIN_AJ20,,,,,,,,,,,
GPIO_0[20],Bidir,PIN_AH19,4A,B4A_N0,3.3-V LVTTL,,,PIN_AH19,,,,,,,,,,,
GPIO_0[19],Bidir,PIN_AC20,4A,B4A_N0,3.3-V LVTTL,,,PIN_AC20,,,,,,,,,,,
GPIO_0[18],Bidir,PIN_AE17,4A,B4A_N0,3.3-V LVTTL,,,PIN_AE17,,,,,,,,,,,
GPIO_0[17],Bidir,PIN_AA19,4A,B4A_N0,3.3-V LVTTL,,,PIN_AA19,,,,,,,,,,,
GPIO_0[16],Bidir,PIN_AA18,4A,B4A_N0,3.3-V LVTTL,,,PIN_AA18,,,,,,,,,,,
GPIO_0[15],Bidir,PIN_AG17,4A,B4A_N0,3.3-V LVTTL,,,PIN_AG17,,,,,,,,,,,
GPIO_0[14],Bidir,PIN_AF16,4A,B4A_N0,3.3-V LVTTL,,,PIN_AF16,,,,,,,,,,,
GPIO_0[13],Bidir,PIN_AE16,4A,B4A_N0,3.3-V LVTTL,,,PIN_AE16,,,,,,,,,,,
GPIO_0[12],Bidir,PIN_AG16,4A,B4A_N0,3.3-V LVTTL,,,PIN_AG16,,,,,,,,,,,
GPIO_0[11],Bidir,PIN_AH17,4A,B4A_N0,3.3-V LVTTL,,,PIN_AH17,,,,,,,,,,,
GPIO_0[10],Bidir,PIN_AH18,4A,B4A_N0,3.3-V LVTTL,,,PIN_AH18,,,,,,,,,,,
GPIO_0[9],Bidir,PIN_AJ16,4A,B4A_N0,3.3-V LVTTL,,,PIN_AJ16,,,,,,,,,,,
GPIO_0[8],Bidir,PIN_AJ17,4A,B4A_N0,3.3-V LVTTL,,,PIN_AJ17,,,,,,,,,,,
GPIO_0[7],Bidir,PIN_AJ19,4A,B4A_N0,3.3-V LVTTL,,,PIN_AJ19,,,,,,,,,,,
GPIO_0[6],Bidir,PIN_AK19,4A,B4A_N0,3.3-V LVTTL,,,PIN_AK19,,,,,,,,,,,
GPIO_0[5],Bidir,PIN_AK18,4A,B4A_N0,3.3-V LVTTL,,,PIN_AK18,,,,,,,,,,,
GPIO_0[4],Bidir,PIN_AK16,4A,B4A_N0,3.3-V LVTTL,,,PIN_AK16,,,,,,,,,,,
GPIO_0[3],Bidir,PIN_Y18,4A,B4A_N0,3.3-V LVTTL,,,PIN_Y18,,,,,,,,,,,
GPIO_0[2],Bidir,PIN_AD17,4A,B4A_N0,3.3-V LVTTL,,,PIN_AD17,,,,,,,,,,,
GPIO_0[1],Bidir,PIN_Y17,4A,B4A_N0,3.3-V LVTTL,,,PIN_Y17,,,,,,,,,,,
GPIO_0[0],Bidir,PIN_AC18,4A,B4A_N0,3.3-V LVTTL,,,PIN_AC18,,,,,,,,,,,
GPIO_1[35],Bidir,PIN_AC22,4A,B4A_N0,3.3-V LVTTL,,,PIN_AC22,,,,,,,,,,,
GPIO_1[34],Bidir,PIN_AA20,4A,B4A_N0,3.3-V LVTTL,,,PIN_AA20,,,,,,,,,,,
GPIO_1[33],Bidir,PIN_AD21,4A,B4A_N0,3.3-V LVTTL,,,PIN_AD21,,,,,,,,,,,
GPIO_1[32],Bidir,PIN_AE22,4A,B4A_N0,3.3-V LVTTL,,,PIN_AE22,,,,,,,,,,,
GPIO_1[31],Bidir,PIN_AF23,4A,B4A_N0,3.3-V LVTTL,,,PIN_AF23,,,,,,,,,,,
GPIO_1[30],Bidir,PIN_AF24,4A,B4A_N0,3.3-V LVTTL,,,PIN_AF24,,,,,,,,,,,
GPIO_1[29],Bidir,PIN_AG22,4A,B4A_N0,3.3-V LVTTL,,,PIN_AG22,,,,,,,,,,,
GPIO_1[28],Bidir,PIN_AH22,4A,B4A_N0,3.3-V LVTTL,,,PIN_AH22,,,,,,,,,,,
GPIO_1[27],Bidir,PIN_AJ22,4A,B4A_N0,3.3-V LVTTL,,,PIN_AJ22,,,,,,,,,,,
GPIO_1[26],Bidir,PIN_AK22,4A,B4A_N0,3.3-V LVTTL,,,PIN_AK22,,,,,,,,,,,
GPIO_1[25],Bidir,PIN_AH23,4A,B4A_N0,3.3-V LVTTL,,,PIN_AH23,,,,,,,,,,,
GPIO_1[24],Bidir,PIN_AK23,4A,B4A_N0,3.3-V LVTTL,,,PIN_AK23,,,,,,,,,,,
GPIO_1[23],Bidir,PIN_AG23,4A,B4A_N0,3.3-V LVTTL,,,PIN_AG23,,,,,,,,,,,
GPIO_1[22],Bidir,PIN_AK24,4A,B4A_N0,3.3-V LVTTL,,,PIN_AK24,,,,,,,,,,,
GPIO_1[21],Bidir,PIN_AJ24,4A,B4A_N0,3.3-V LVTTL,,,PIN_AJ24,,,,,,,,,,,
GPIO_1[20],Bidir,PIN_AJ25,4A,B4A_N0,3.3-V LVTTL,,,PIN_AJ25,,,,,,,,,,,
GPIO_1[19],Bidir,PIN_AH25,4A,B4A_N0,3.3-V LVTTL,,,PIN_AH25,,,,,,,,,,,
GPIO_1[18],Bidir,PIN_AK26,4A,B4A_N0,3.3-V LVTTL,,,PIN_AK26,,,,,,,,,,,
GPIO_1[17],Bidir,PIN_AJ26,4A,B4A_N0,3.3-V LVTTL,,,PIN_AJ26,,,,,,,,,,,
GPIO_1[16],Bidir,PIN_AK27,4A,B4A_N0,3.3-V LVTTL,,,PIN_AK27,,,,,,,,,,,
GPIO_1[15],Bidir,PIN_AK28,4A,B4A_N0,3.3-V LVTTL,,,PIN_AK28,,,,,,,,,,,
GPIO_1[14],Bidir,PIN_AK29,4A,B4A_N0,3.3-V LVTTL,,,PIN_AK29,,,,,,,,,,,
GPIO_1[13],Bidir,PIN_AJ27,4A,B4A_N0,3.3-V LVTTL,,,PIN_AJ27,,,,,,,,,,,
GPIO_1[12],Bidir,PIN_AH27,4A,B4A_N0,3.3-V LVTTL,,,PIN_AH27,,,,,,,,,,,
GPIO_1[11],Bidir,PIN_AH24,4A,B4A_N0,3.3-V LVTTL,,,PIN_AH24,,,,,,,,,,,
GPIO_1[10],Bidir,PIN_AG26,4A,B4A_N0,3.3-V LVTTL,,,PIN_AG26,,,,,,,,,,,
GPIO_1[9],Bidir,PIN_AG25,4A,B4A_N0,3.3-V LVTTL,,,PIN_AG25,,,,,,,,,,,
GPIO_1[8],Bidir,PIN_AF26,4A,B4A_N0,3.3-V LVTTL,,,PIN_AF26,,,,,,,,,,,
GPIO_1[7],Bidir,PIN_AF25,4A,B4A_N0,3.3-V LVTTL,,,PIN_AF25,,,,,,,,,,,
GPIO_1[6],Bidir,PIN_AE24,4A,B4A_N0,3.3-V LVTTL,,,PIN_AE24,,,,,,,,,,,
GPIO_1[5],Bidir,PIN_AE23,4A,B4A_N0,3.3-V LVTTL,,,PIN_AE23,,,,,,,,,,,
GPIO_1[4],Bidir,PIN_AD24,4A,B4A_N0,3.3-V LVTTL,,,PIN_AD24,,,,,,,,,,,
GPIO_1[3],Bidir,PIN_AC23,4A,B4A_N0,3.3-V LVTTL,,,PIN_AC23,,,,,,,,,,,
GPIO_1[2],Bidir,PIN_AB21,4A,B4A_N0,3.3-V LVTTL,,,PIN_AB21,,,,,,,,,,,
GPIO_1[1],Bidir,PIN_AA21,4A,B4A_N0,3.3-V LVTTL,,,PIN_AA21,,,,,,,,,,,
GPIO_1[0],Bidir,PIN_AB17,4A,B4A_N0,3.3-V LVTTL,,,PIN_AB17,,,,,,,,,,,
HEX0[6],Output,PIN_AH28,5A,B5A_N0,3.3-V LVTTL,,,PIN_AH28,,,,,,,,,,,
HEX0[5],Output,PIN_AG28,5A,B5A_N0,3.3-V LVTTL,,,PIN_AG28,,,,,,,,,,,
HEX0[4],Output,PIN_AF28,5A,B5A_N0,3.3-V LVTTL,,,PIN_AF28,,,,,,,,,,,
HEX0[3],Output,PIN_AG27,5A,B5A_N0,3.3-V LVTTL,,,PIN_AG27,,,,,,,,,,,
HEX0[2],Output,PIN_AE28,5A,B5A_N0,3.3-V LVTTL,,,PIN_AE28,,,,,,,,,,,
HEX0[1],Output,PIN_AE27,5A,B5A_N0,3.3-V LVTTL,,,PIN_AE27,,,,,,,,,,,
HEX0[0],Output,PIN_AE26,5A,B5A_N0,3.3-V LVTTL,,,PIN_AE26,,,,,,,,,,,
HEX1[6],Output,PIN_AD27,5A,B5A_N0,3.3-V LVTTL,,,PIN_AD27,,,,,,,,,,,
HEX1[5],Output,PIN_AF30,5A,B5A_N0,3.3-V LVTTL,,,PIN_AF30,,,,,,,,,,,
HEX1[4],Output,PIN_AF29,5A,B5A_N0,3.3-V LVTTL,,,PIN_AF29,,,,,,,,,,,
HEX1[3],Output,PIN_AG30,5A,B5A_N0,3.3-V LVTTL,,,PIN_AG30,,,,,,,,,,,
HEX1[2],Output,PIN_AH30,5A,B5A_N0,3.3-V LVTTL,,,PIN_AH30,,,,,,,,,,,
HEX1[1],Output,PIN_AH29,5A,B5A_N0,3.3-V LVTTL,,,PIN_AH29,,,,,,,,,,,
HEX1[0],Output,PIN_AJ29,5A,B5A_N0,3.3-V LVTTL,,,PIN_AJ29,,,,,,,,,,,
HEX2[6],Output,PIN_AC30,5B,B5B_N0,3.3-V LVTTL,,,PIN_AC30,,,,,,,,,,,
HEX2[5],Output,PIN_AC29,5B,B5B_N0,3.3-V LVTTL,,,PIN_AC29,,,,,,,,,,,
HEX2[4],Output,PIN_AD30,5B,B5B_N0,3.3-V LVTTL,,,PIN_AD30,,,,,,,,,,,
HEX2[3],Output,PIN_AC28,5B,B5B_N0,3.3-V LVTTL,,,PIN_AC28,,,,,,,,,,,
HEX2[2],Output,PIN_AD29,5B,B5B_N0,3.3-V LVTTL,,,PIN_AD29,,,,,,,,,,,
HEX2[1],Output,PIN_AE29,5B,B5B_N0,3.3-V LVTTL,,,PIN_AE29,,,,,,,,,,,
HEX2[0],Output,PIN_AB23,5A,B5A_N0,3.3-V LVTTL,,,PIN_AB23,,,,,,,,,,,
HEX3[6],Output,PIN_AB22,5A,B5A_N0,3.3-V LVTTL,,,PIN_AB22,,,,,,,,,,,
HEX3[5],Output,PIN_AB25,5A,B5A_N0,3.3-V LVTTL,,,PIN_AB25,,,,,,,,,,,
HEX3[4],Output,PIN_AB28,5B,B5B_N0,3.3-V LVTTL,,,PIN_AB28,,,,,,,,,,,
HEX3[3],Output,PIN_AC25,5A,B5A_N0,3.3-V LVTTL,,,PIN_AC25,,,,,,,,,,,
HEX3[2],Output,PIN_AD25,5A,B5A_N0,3.3-V LVTTL,,,PIN_AD25,,,,,,,,,,,
HEX3[1],Output,PIN_AC27,5A,B5A_N0,3.3-V LVTTL,,,PIN_AC27,,,,,,,,,,,
HEX3[0],Output,PIN_AD26,5A,B5A_N0,3.3-V LVTTL,,,PIN_AD26,,,,,,,,,,,
HEX4[6],Output,PIN_W25,5B,B5B_N0,3.3-V LVTTL,,,PIN_W25,,,,,,,,,,,
HEX4[5],Output,PIN_V23,5A,B5A_N0,3.3-V LVTTL,,,PIN_V23,,,,,,,,,,,
HEX4[4],Output,PIN_W24,5A,B5A_N0,3.3-V LVTTL,,,PIN_W24,,,,,,,,,,,
HEX4[3],Output,PIN_W22,5A,B5A_N0,3.3-V LVTTL,,,PIN_W22,,,,,,,,,,,
HEX4[2],Output,PIN_Y24,5A,B5A_N0,3.3-V LVTTL,,,PIN_Y24,,,,,,,,,,,
HEX4[1],Output,PIN_Y23,5A,B5A_N0,3.3-V LVTTL,,,PIN_Y23,,,,,,,,,,,
HEX4[0],Output,PIN_AA24,5A,B5A_N0,3.3-V LVTTL,,,PIN_AA24,,,,,,,,,,,
HEX5[6],Output,PIN_AA25,5A,B5A_N0,3.3-V LVTTL,,,PIN_AA25,,,,,,,,,,,
HEX5[5],Output,PIN_AA26,5B,B5B_N0,3.3-V LVTTL,,,PIN_AA26,,,,,,,,,,,
HEX5[4],Output,PIN_AB26,5A,B5A_N0,3.3-V LVTTL,,,PIN_AB26,,,,,,,,,,,
HEX5[3],Output,PIN_AB27,5B,B5B_N0,3.3-V LVTTL,,,PIN_AB27,,,,,,,,,,,
HEX5[2],Output,PIN_Y27,5B,B5B_N0,3.3-V LVTTL,,,PIN_Y27,,,,,,,,,,,
HEX5[1],Output,PIN_AA28,5B,B5B_N0,3.3-V LVTTL,,,PIN_AA28,,,,,,,,,,,
HEX5[0],Output,PIN_V25,5B,B5B_N0,3.3-V LVTTL,,,PIN_V25,,,,,,,,,,,
KEY[3],Input,PIN_Y16,3B,B3B_N0,3.3-V LVTTL,,,PIN_Y16,,,,,,,,,,,
KEY[2],Input,PIN_W15,3B,B3B_N0,3.3-V LVTTL,,,PIN_W15,,,,,,,,,,,
KEY[1],Input,PIN_AA15,3B,B3B_N0,3.3-V LVTTL,,,PIN_AA15,,,,,,,,,,,
KEY[0],Input,PIN_AA14,3B,B3B_N0,3.3-V LVTTL,,,PIN_AA14,,,,,,,,,,,
LEDR[9],Output,PIN_Y21,5A,B5A_N0,3.3-V LVTTL,,,PIN_Y21,,,,,,,,,,,
LEDR[8],Output,PIN_W21,5A,B5A_N0,3.3-V LVTTL,,,PIN_W21,,,,,,,,,,,
LEDR[7],Output,PIN_W20,5A,B5A_N0,3.3-V LVTTL,,,PIN_W20,,,,,,,,,,,
LEDR[6],Output,PIN_Y19,4A,B4A_N0,3.3-V LVTTL,,,PIN_Y19,,,,,,,,,,,
LEDR[5],Output,PIN_W19,4A,B4A_N0,3.3-V LVTTL,,,PIN_W19,,,,,,,,,,,
LEDR[4],Output,PIN_W17,4A,B4A_N0,3.3-V LVTTL,,,PIN_W17,,,,,,,,,,,
LEDR[3],Output,PIN_V18,4A,B4A_N0,3.3-V LVTTL,,,PIN_V18,,,,,,,,,,,
LEDR[2],Output,PIN_V17,4A,B4A_N0,3.3-V LVTTL,,,PIN_V17,,,,,,,,,,,
LEDR[1],Output,PIN_W16,4A,B4A_N0,3.3-V LVTTL,,,PIN_W16,,,,,,,,,,,
LEDR[0],Output,PIN_V16,4A,B4A_N0,3.3-V LVTTL,,,PIN_V16,,,,,,,,,,,
SW[9],Input,PIN_AE12,3A,B3A_N0,3.3-V LVTTL,,,PIN_AE12,,,,,,,,,,,
SW[8],Input,PIN_AD10,3A,B3A_N0,3.3-V LVTTL,,,PIN_AD10,,,,,,,,,,,
SW[7],Input,PIN_AC9,3A,B3A_N0,3.3-V LVTTL,,,PIN_AC9,,,,,,,,,,,
SW[6],Input,PIN_AE11,3A,B3A_N0,3.3-V LVTTL,,,PIN_AE11,,,,,,,,,,,
SW[5],Input,PIN_AD12,3A,B3A_N0,3.3-V LVTTL,,,PIN_AD12,,,,,,,,,,,
SW[4],Input,PIN_AD11,3A,B3A_N0,3.3-V LVTTL,,,PIN_AD11,,,,,,,,,,,
SW[3],Input,PIN_AF10,3A,B3A_N0,3.3-V LVTTL,,,PIN_AF10,,,,,,,,,,,
SW[2],Input,PIN_AF9,3A,B3A_N0,3.3-V LVTTL,,,PIN_AF9,,,,,,,,,,,
SW[1],Input,PIN_AC12,3A,B3A_N0,3.3-V LVTTL,,,PIN_AC12,,,,,,,,,,,
SW[0],Input,PIN_AB12,3A,B3A_N0,3.3-V LVTTL,,,PIN_AB12,,,,,,,,,,,
VGA_B[7],Output,PIN_J14,8A,B8A_N0,3.3-V LVTTL,,,PIN_J14,,,,,,,,,,,
VGA_B[6],Output,PIN_G15,8A,B8A_N0,3.3-V LVTTL,,,PIN_G15,,,,,,,,,,,
VGA_B[5],Output,PIN_F15,8A,B8A_N0,3.3-V LVTTL,,,PIN_F15,,,,,,,,,,,
VGA_B[4],Output,PIN_H14,8A,B8A_N0,3.3-V LVTTL,,,PIN_H14,,,,,,,,,,,
VGA_B[3],Output,PIN_F14,8A,B8A_N0,3.3-V LVTTL,,,PIN_F14,,,,,,,,,,,
VGA_B[2],Output,PIN_H13,8A,B8A_N0,3.3-V LVTTL,,,PIN_H13,,,,,,,,,,,
VGA_B[1],Output,PIN_G13,8A,B8A_N0,3.3-V LVTTL,,,PIN_G13,,,,,,,,,,,
VGA_B[0],Output,PIN_B13,8A,B8A_N0,3.3-V LVTTL,,,PIN_B13,,,,,,,,,,,
VGA_BLANK_N,Output,PIN_F10,8A,B8A_N0,3.3-V LVTTL,,,PIN_F10,,,,,,,,,,,
VGA_CLK,Output,PIN_A11,8A,B8A_N0,3.3-V LVTTL,,,PIN_A11,,,,,,,,,,,
VGA_G[7],Output,PIN_E11,8A,B8A_N0,3.3-V LVTTL,,,PIN_E11,,,,,,,,,,,
VGA_G[6],Output,PIN_F11,8A,B8A_N0,3.3-V LVTTL,,,PIN_F11,,,,,,,,,,,
VGA_G[5],Output,PIN_G12,8A,B8A_N0,3.3-V LVTTL,,,PIN_G12,,,,,,,,,,,
VGA_G[4],Output,PIN_G11,8A,B8A_N0,3.3-V LVTTL,,,PIN_G11,,,,,,,,,,,
VGA_G[3],Output,PIN_G10,8A,B8A_N0,3.3-V LVTTL,,,PIN_G10,,,,,,,,,,,
VGA_G[2],Output,PIN_H12,8A,B8A_N0,3.3-V LVTTL,,,PIN_H12,,,,,,,,,,,
VGA_G[1],Output,PIN_J10,8A,B8A_N0,3.3-V LVTTL,,,PIN_J10,,,,,,,,,,,
VGA_G[0],Output,PIN_J9,8A,B8A_N0,3.3-V LVTTL,,,PIN_J9,,,,,,,,,,,
VGA_HS,Output,PIN_B11,8A,B8A_N0,3.3-V LVTTL,,,PIN_B11,,,,,,,,,,,
VGA_R[7],Output,PIN_F13,8A,B8A_N0,3.3-V LVTTL,,,PIN_F13,,,,,,,,,,,
VGA_R[6],Output,PIN_E12,8A,B8A_N0,3.3-V LVTTL,,,PIN_E12,,,,,,,,,,,
VGA_R[5],Output,PIN_D12,8A,B8A_N0,3.3-V LVTTL,,,PIN_D12,,,,,,,,,,,
VGA_R[4],Output,PIN_C12,8A,B8A_N0,3.3-V LVTTL,,,PIN_C12,,,,,,,,,,,
VGA_R[3],Output,PIN_B12,8A,B8A_N0,3.3-V LVTTL,,,PIN_B12,,,,,,,,,,,
VGA_R[2],Output,PIN_E13,8A,B8A_N0,3.3-V LVTTL,,,PIN_E13,,,,,,,,,,,
VGA_R[1],Output,PIN_C13,8A,B8A_N0,3.3-V LVTTL,,,PIN_C13,,,,,,,,,,,
VGA_R[0],Output,PIN_A13,8A,B8A_N0,3.3-V LVTTL,,,PIN_A13,,,,,,,,,,,
VGA_SYNC_N,Output,PIN_C10,8A,B8A_N0,3.3-V LVTTL,,,PIN_C10,,,,,,,,,,,
VGA_VS,Output,PIN_D11,8A,B8A_N0,3.3-V LVTTL,,,PIN_D11,,,,,,,,,,,
ADC_CS_N,Unknown,PIN_AJ4,3B,B3B_N0,3.3-V LVTTL,,,,,,,,,,,,,,
ADC_DIN,Unknown,PIN_AK4,3B,B3B_N0,3.3-V LVTTL,,,,,,,,,,,,,,
ADC_DOUT,Unknown,PIN_AK3,3B,B3B_N0,3.3-V LVTTL,,,,,,,,,,,,,,
ADC_SCLK,Unknown,PIN_AK2,3B,B3B_N0,3.3-V LVTTL,,,,,,,,,,,,,,
AUD_ADCDAT,Unknown,PIN_K7,8A,B8A_N0,3.3-V LVTTL,,,,,,,,,,,,,,
AUD_ADCLRCK,Unknown,PIN_K8,8A,B8A_N0,3.3-V LVTTL,,,,,,,,,,,,,,
AUD_BCLK,Unknown,PIN_H7,8A,B8A_N0,3.3-V LVTTL,,,,,,,,,,,,,,
AUD_DACDAT,Unknown,PIN_J7,8A,B8A_N0,3.3-V LVTTL,,,,,,,,,,,,,,
AUD_DACLRCK,Unknown,PIN_H8,8A,B8A_N0,3.3-V LVTTL,,,,,,,,,,,,,,
AUD_XCK,Unknown,PIN_G7,8A,B8A_N0,3.3-V LVTTL,,,,,,,,,,,,,,
CLOCK2_50,Unknown,PIN_AA16,4A,B4A_N0,3.3-V LVTTL,,,,,,,,,,,,,,
CLOCK3_50,Unknown,PIN_Y26,5B,B5B_N0,3.3-V LVTTL,,,,,,,,,,,,,,
CLOCK4_50,Unknown,PIN_K14,8A,B8A_N0,3.3-V LVTTL,,,,,,,,,,,,,,
FAN_CTRL,Unknown,PIN_AA12,3A,B3A_N0,3.3-V LVTTL,,,,,,,,,,,,,,
FPGA_I2C_SCLK,Unknown,PIN_J12,8A,B8A_N0,3.3-V LVTTL,,,,,,,,,,,,,,
FPGA_I2C_SDAT,Unknown,PIN_K12,8A,B8A_N0,3.3-V LVTTL,,,,,,,,,,,,,,
IRDA_RXD,Unknown,PIN_AA30,5B,B5B_N0,3.3-V LVTTL,,,,,,,,,,,,,,
IRDA_TXD,Unknown,PIN_AB30,5B,B5B_N0,3.3-V LVTTL,,,,,,,,,,,,,,
PS2_CLK,Unknown,PIN_AD7,3A,B3A_N0,3.3-V LVTTL,,,,,,,,,,,,,,
PS2_DAT,Unknown,PIN_AE7,3A,B3A_N0,3.3-V LVTTL,,,,,,,,,,,,,,
PS2_CLK2,Unknown,PIN_AD9,3A,B3A_N0,3.3-V LVTTL,,,,,,,,,,,,,,
PS2_DAT2,Unknown,PIN_AE9,3A,B3A_N0,3.3-V LVTTL,,,,,,,,,,,,,,
TD_CLK27,Unknown,PIN_H15,8A,B8A_N0,3.3-V LVTTL,,,,,,,,,,,,,,
TD_DATA[0],Unknown,PIN_D2,8A,B8A_N0,3.3-V LVTTL,,,,,,,,,,,,,,
TD_DATA[1],Unknown,PIN_B1,8A,B8A_N0,3.3-V LVTTL,,,,,,,,,,,,,,
TD_DATA[2],Unknown,PIN_E2,8A,B8A_N0,3.3-V LVTTL,,,,,,,,,,,,,,
TD_DATA[3],Unknown,PIN_B2,8A,B8A_N0,3.3-V LVTTL,,,,,,,,,,,,,,
TD_DATA[4],Unknown,PIN_D1,8A,B8A_N0,3.3-V LVTTL,,,,,,,,,,,,,,
TD_DATA[5],Unknown,PIN_E1,8A,B8A_N0,3.3-V LVTTL,,,,,,,,,,,,,,
TD_DATA[6],Unknown,PIN_C2,8A,B8A_N0,3.3-V LVTTL,,,,,,,,,,,,,,
TD_DATA[7],Unknown,PIN_B3,8A,B8A_N0,3.3-V LVTTL,,,,,,,,,,,,,,
TD_HS,Unknown,PIN_A5,8A,B8A_N0,3.3-V LVTTL,,,,,,,,,,,,,,
TD_RESET_N,Unknown,PIN_F6,8A,B8A_N0,3.3-V LVTTL,,,,,,,,,,,,,,
TD_VS,Unknown,PIN_A3,8A,B8A_N0,3.3-V LVTTL,,,,,,,,,,,,,,
USB_B2_CLK,Unknown,PIN_AF4,3A,B3A_N0,3.3-V LVTTL,,,,,,,,,,,,,,
USB_B2_DATA[0],Unknown,PIN_AH4,3A,B3A_N0,3.3-V LVTTL,,,,,,,,,,,,,,
USB_B2_DATA[1],Unknown,PIN_AH3,3A,B3A_N0,3.3-V LVTTL,,,,,,,,,,,,,,
USB_B2_DATA[2],Unknown,PIN_AJ2,3A,B3A_N0,3.3-V LVTTL,,,,,,,,,,,,,,
USB_B2_DATA[3],Unknown,PIN_AJ1,3A,B3A_N0,3.3-V LVTTL,,,,,,,,,,,,,,
USB_B2_DATA[4],Unknown,PIN_AH2,3A,B3A_N0,3.3-V LVTTL,,,,,,,,,,,,,,
USB_B2_DATA[5],Unknown,PIN_AG3,3A,B3A_N0,3.3-V LVTTL,,,,,,,,,,,,,,
USB_B2_DATA[6],Unknown,PIN_AG2,3A,B3A_N0,3.3-V LVTTL,,,,,,,,,,,,,,
USB_B2_DATA[7],Unknown,PIN_AG1,3A,B3A_N0,3.3-V LVTTL,,,,,,,,,,,,,,
USB_EMPTY,Unknown,PIN_AF5,3A,B3A_N0,3.3-V LVTTL,,,,,,,,,,,,,,
USB_FULL,Unknown,PIN_AG5,3A,B3A_N0,3.3-V LVTTL,,,,,,,,,,,,,,
USB_OE_N,Unknown,PIN_AF6,3A,B3A_N0,3.3-V LVTTL,,,,,,,,,,,,,,
USB_RD_N,Unknown,PIN_AG6,3A,B3A_N0,3.3-V LVTTL,,,,,,,,,,,,,,
USB_RESET_N,Unknown,PIN_AG7,3A,B3A_N0,3.3-V LVTTL,,,,,,,,,,,,,,
USB_SCL,Unknown,PIN_AG8,3A,B3A_N0,3.3-V LVTTL,,,,,,,,,,,,,,
USB_SDA,Unknown,PIN_AF8,3A,B3A_N0,3.3-V LVTTL,,,,,,,,,,,,,,
USB_WR_N,Unknown,PIN_AH5,3A,B3A_N0,3.3-V LVTTL,,,,,,,,,,,,,,
HPS_CONV_USB_N,Unknown,,,,3.3-V LVTTL,,,,,,,,,,,,,,
HPS_DDR3_ADDR[0],Unknown,,,,SSTL-15 Class I,,Maximum Current,,,,,,,,,,,,
HPS_DDR3_ADDR[1],Unknown,,,,SSTL-15 Class I,,Maximum Current,,,,,,,,,,,,
HPS_DDR3_ADDR[2],Unknown,,,,SSTL-15 Class I,,Maximum Current,,,,,,,,,,,,
HPS_DDR3_ADDR[3],Unknown,,,,SSTL-15 Class I,,Maximum Current,,,,,,,,,,,,
HPS_DDR3_ADDR[4],Unknown,,,,SSTL-15 Class I,,Maximum Current,,,,,,,,,,,,
HPS_DDR3_ADDR[5],Unknown,,,,SSTL-15 Class I,,Maximum Current,,,,,,,,,,,,
HPS_DDR3_ADDR[6],Unknown,,,,SSTL-15 Class I,,Maximum Current,,,,,,,,,,,,
HPS_DDR3_ADDR[7],Unknown,,,,SSTL-15 Class I,,Maximum Current,,,,,,,,,,,,
HPS_DDR3_ADDR[8],Unknown,,,,SSTL-15 Class I,,Maximum Current,,,,,,,,,,,,
HPS_DDR3_ADDR[9],Unknown,,,,SSTL-15 Class I,,Maximum Current,,,,,,,,,,,,
HPS_DDR3_ADDR[10],Unknown,,,,SSTL-15 Class I,,Maximum Current,,,,,,,,,,,,
HPS_DDR3_ADDR[11],Unknown,,,,SSTL-15 Class I,,Maximum Current,,,,,,,,,,,,
HPS_DDR3_ADDR[12],Unknown,,,,SSTL-15 Class I,,Maximum Current,,,,,,,,,,,,
HPS_DDR3_ADDR[13],Unknown,,,,SSTL-15 Class I,,Maximum Current,,,,,,,,,,,,
HPS_DDR3_ADDR[14],Unknown,,,,SSTL-15 Class I,,Maximum Current,,,,,,,,,,,,
HPS_DDR3_BA[0],Unknown,,,,SSTL-15 Class I,,Maximum Current,,,,,,,,,,,,
HPS_DDR3_BA[1],Unknown,,,,SSTL-15 Class I,,Maximum Current,,,,,,,,,,,,
HPS_DDR3_BA[2],Unknown,,,,SSTL-15 Class I,,Maximum Current,,,,,,,,,,,,
HPS_DDR3_CAS_N,Unknown,,,,SSTL-15 Class I,,Maximum Current,,,,,,,,,,,,
HPS_DDR3_CKE,Unknown,,,,SSTL-15 Class I,,Maximum Current,,,,,,,,,,,,
HPS_DDR3_CK_N,Unknown,,,,Differential 1.5-V SSTL Class I,,,,,HPS_DDR3_CK_N(n),,,,,,,,,
HPS_DDR3_CK_N(n),Unknown,,,,Differential 1.5-V SSTL Class I,,,,,HPS_DDR3_CK_N,,,,,,,,,
HPS_DDR3_CK_P,Unknown,,,,Differential 1.5-V SSTL Class I,,,,,HPS_DDR3_CK_P(n),,,,,,,,,
HPS_DDR3_CK_P(n),Unknown,,,,Differential 1.5-V SSTL Class I,,,,,HPS_DDR3_CK_P,,,,,,,,,
HPS_DDR3_CS_N,Unknown,,,,SSTL-15 Class I,,Maximum Current,,,,,,,,,,,,
HPS_DDR3_DM[0],Unknown,,,,SSTL-15 Class I,,,,,,,,,,,,,,
HPS_DDR3_DM[1],Unknown,,,,SSTL-15 Class I,,,,,,,,,,,,,,
HPS_DDR3_DM[2],Unknown,,,,SSTL-15 Class I,,,,,,,,,,,,,,
HPS_DDR3_DM[3],Unknown,,,,SSTL-15 Class I,,,,,,,,,,,,,,
HPS_DDR3_DQ[0],Unknown,,,,SSTL-15 Class I,,,,,,,,,,,,,,
HPS_DDR3_DQ[1],Unknown,,,,SSTL-15 Class I,,,,,,,,,,,,,,
HPS_DDR3_DQ[2],Unknown,,,,SSTL-15 Class I,,,,,,,,,,,,,,
HPS_DDR3_DQ[3],Unknown,,,,SSTL-15 Class I,,,,,,,,,,,,,,
HPS_DDR3_DQ[4],Unknown,,,,SSTL-15 Class I,,,,,,,,,,,,,,
HPS_DDR3_DQ[5],Unknown,,,,SSTL-15 Class I,,,,,,,,,,,,,,
HPS_DDR3_DQ[6],Unknown,,,,SSTL-15 Class I,,,,,,,,,,,,,,
HPS_DDR3_DQ[7],Unknown,,,,SSTL-15 Class I,,,,,,,,,,,,,,
HPS_DDR3_DQ[8],Unknown,,,,SSTL-15 Class I,,,,,,,,,,,,,,
HPS_DDR3_DQ[9],Unknown,,,,SSTL-15 Class I,,,,,,,,,,,,,,
HPS_DDR3_DQ[10],Unknown,,,,SSTL-15 Class I,,,,,,,,,,,,,,
HPS_DDR3_DQ[11],Unknown,,,,SSTL-15 Class I,,,,,,,,,,,,,,
HPS_DDR3_DQ[12],Unknown,,,,SSTL-15 Class I,,,,,,,,,,,,,,
HPS_DDR3_DQ[13],Unknown,,,,SSTL-15 Class I,,,,,,,,,,,,,,
HPS_DDR3_DQ[14],Unknown,,,,SSTL-15 Class I,,,,,,,,,,,,,,
HPS_DDR3_DQ[15],Unknown,,,,SSTL-15 Class I,,,,,,,,,,,,,,
HPS_DDR3_DQ[16],Unknown,,,,SSTL-15 Class I,,,,,,,,,,,,,,
HPS_DDR3_DQ[17],Unknown,,,,SSTL-15 Class I,,,,,,,,,,,,,,
HPS_DDR3_DQ[18],Unknown,,,,SSTL-15 Class I,,,,,,,,,,,,,,
HPS_DDR3_DQ[19],Unknown,,,,SSTL-15 Class I,,,,,,,,,,,,,,
HPS_DDR3_DQ[20],Unknown,,,,SSTL-15 Class I,,,,,,,,,,,,,,
HPS_DDR3_DQ[21],Unknown,,,,SSTL-15 Class I,,,,,,,,,,,,,,
HPS_DDR3_DQ[22],Unknown,,,,SSTL-15 Class I,,,,,,,,,,,,,,
HPS_DDR3_DQ[23],Unknown,,,,SSTL-15 Class I,,,,,,,,,,,,,,
HPS_DDR3_DQ[24],Unknown,,,,SSTL-15 Class I,,,,,,,,,,,,,,
HPS_DDR3_DQ[25],Unknown,,,,SSTL-15 Class I,,,,,,,,,,,,,,
HPS_DDR3_DQ[26],Unknown,,,,SSTL-15 Class I,,,,,,,,,,,,,,
HPS_DDR3_DQ[27],Unknown,,,,SSTL-15 Class I,,,,,,,,,,,,,,
HPS_DDR3_DQ[28],Unknown,,,,SSTL-15 Class I,,,,,,,,,,,,,,
HPS_DDR3_DQ[29],Unknown,,,,SSTL-15 Class I,,,,,,,,,,,,,,
HPS_DDR3_DQ[30],Unknown,,,,SSTL-15 Class I,,,,,,,,,,,,,,
HPS_DDR3_DQ[31],Unknown,,,,SSTL-15 Class I,,,,,,,,,,,,,,
HPS_DDR3_DQS_N[0],Unknown,,,,Differential 1.5-V SSTL Class I,,,,,HPS_DDR3_DQS_N[0](n),,,,,,,,,
HPS_DDR3_DQS_N[0](n),Unknown,,,,Differential 1.5-V SSTL Class I,,,,,HPS_DDR3_DQS_N[0],,,,,,,,,
HPS_DDR3_DQS_N[1],Unknown,,,,Differential 1.5-V SSTL Class I,,,,,HPS_DDR3_DQS_N[1](n),,,,,,,,,
HPS_DDR3_DQS_N[1](n),Unknown,,,,Differential 1.5-V SSTL Class I,,,,,HPS_DDR3_DQS_N[1],,,,,,,,,
HPS_DDR3_DQS_N[2],Unknown,,,,Differential 1.5-V SSTL Class I,,,,,HPS_DDR3_DQS_N[2](n),,,,,,,,,
HPS_DDR3_DQS_N[2](n),Unknown,,,,Differential 1.5-V SSTL Class I,,,,,HPS_DDR3_DQS_N[2],,,,,,,,,
HPS_DDR3_DQS_N[3],Unknown,,,,Differential 1.5-V SSTL Class I,,,,,HPS_DDR3_DQS_N[3](n),,,,,,,,,
HPS_DDR3_DQS_N[3](n),Unknown,,,,Differential 1.5-V SSTL Class I,,,,,HPS_DDR3_DQS_N[3],,,,,,,,,
HPS_DDR3_DQS_P[0],Unknown,,,,Differential 1.5-V SSTL Class I,,,,,HPS_DDR3_DQS_P[0](n),,,,,,,,,
HPS_DDR3_DQS_P[0](n),Unknown,,,,Differential 1.5-V SSTL Class I,,,,,HPS_DDR3_DQS_P[0],,,,,,,,,
HPS_DDR3_DQS_P[1],Unknown,,,,Differential 1.5-V SSTL Class I,,,,,HPS_DDR3_DQS_P[1](n),,,,,,,,,
HPS_DDR3_DQS_P[1](n),Unknown,,,,Differential 1.5-V SSTL Class I,,,,,HPS_DDR3_DQS_P[1],,,,,,,,,
HPS_DDR3_DQS_P[2],Unknown,,,,Differential 1.5-V SSTL Class I,,,,,HPS_DDR3_DQS_P[2](n),,,,,,,,,
HPS_DDR3_DQS_P[2](n),Unknown,,,,Differential 1.5-V SSTL Class I,,,,,HPS_DDR3_DQS_P[2],,,,,,,,,
HPS_DDR3_DQS_P[3],Unknown,,,,Differential 1.5-V SSTL Class I,,,,,HPS_DDR3_DQS_P[3](n),,,,,,,,,
HPS_DDR3_DQS_P[3](n),Unknown,,,,Differential 1.5-V SSTL Class I,,,,,HPS_DDR3_DQS_P[3],,,,,,,,,
HPS_DDR3_ODT,Unknown,,,,SSTL-15 Class I,,Maximum Current,,,,,,,,,,,,
HPS_DDR3_RAS_N,Unknown,,,,SSTL-15 Class I,,Maximum Current,,,,,,,,,,,,
HPS_DDR3_RESET_N,Unknown,,,,SSTL-15 Class I,,Maximum Current,,,,,,,,,,,,
HPS_DDR3_RZQ,Unknown,,,,SSTL-15 Class I,,,,,,,,,,,,,,
HPS_DDR3_WE_N,Unknown,,,,SSTL-15 Class I,,Maximum Current,,,,,,,,,,,,
HPS_ENET_GTX_CLK,Unknown,,,,3.3-V LVTTL,,,,,,,,,,,,,,
HPS_ENET_INT_N,Unknown,,,,3.3-V LVTTL,,,,,,,,,,,,,,
HPS_ENET_MDC,Unknown,,,,3.3-V LVTTL,,,,,,,,,,,,,,
HPS_ENET_MDIO,Unknown,,,,3.3-V LVTTL,,,,,,,,,,,,,,
HPS_ENET_RX_CLK,Unknown,,,,3.3-V LVTTL,,,,,,,,,,,,,,
HPS_ENET_RX_DATA[0],Unknown,,,,3.3-V LVTTL,,,,,,,,,,,,,,
HPS_ENET_RX_DATA[1],Unknown,,,,3.3-V LVTTL,,,,,,,,,,,,,,
HPS_ENET_RX_DATA[2],Unknown,,,,3.3-V LVTTL,,,,,,,,,,,,,,
HPS_ENET_RX_DATA[3],Unknown,,,,3.3-V LVTTL,,,,,,,,,,,,,,
HPS_ENET_RX_DV,Unknown,,,,3.3-V LVTTL,,,,,,,,,,,,,,
HPS_ENET_TX_DATA[0],Unknown,,,,3.3-V LVTTL,,,,,,,,,,,,,,
HPS_ENET_TX_DATA[1],Unknown,,,,3.3-V LVTTL,,,,,,,,,,,,,,
HPS_ENET_TX_DATA[2],Unknown,,,,3.3-V LVTTL,,,,,,,,,,,,,,
HPS_ENET_TX_DATA[3],Unknown,,,,3.3-V LVTTL,,,,,,,,,,,,,,
HPS_ENET_TX_EN,Unknown,,,,3.3-V LVTTL,,,,,,,,,,,,,,
HPS_FLASH_DATA[0],Unknown,,,,3.3-V LVTTL,,,,,,,,,,,,,,
HPS_FLASH_DATA[1],Unknown,,,,3.3-V LVTTL,,,,,,,,,,,,,,
HPS_FLASH_DATA[2],Unknown,,,,3.3-V LVTTL,,,,,,,,,,,,,,
HPS_FLASH_DATA[3],Unknown,,,,3.3-V LVTTL,,,,,,,,,,,,,,
HPS_FLASH_DCLK,Unknown,,,,3.3-V LVTTL,,,,,,,,,,,,,,
HPS_FLASH_NCSO,Unknown,,,,3.3-V LVTTL,,,,,,,,,,,,,,
HPS_GSENSOR_INT,Unknown,,,,3.3-V LVTTL,,,,,,,,,,,,,,
HPS_I2C1_SCLK,Unknown,,,,3.3-V LVTTL,,,,,,,,,,,,,,
HPS_I2C1_SDAT,Unknown,,,,3.3-V LVTTL,,,,,,,,,,,,,,
HPS_I2C2_SCLK,Unknown,,,,3.3-V LVTTL,,,,,,,,,,,,,,
HPS_I2C2_SDAT,Unknown,,,,3.3-V LVTTL,,,,,,,,,,,,,,
HPS_I2C_CONTROL,Unknown,,,,3.3-V LVTTL,,,,,,,,,,,,,,
HPS_KEY,Unknown,,,,3.3-V LVTTL,,,,,,,,,,,,,,
HPS_LED,Unknown,,,,3.3-V LVTTL,,,,,,,,,,,,,,
HPS_LTC_GPIO,Unknown,,,,3.3-V LVTTL,,,,,,,,,,,,,,
HPS_SD_CLK,Unknown,,,,3.3-V LVTTL,,,,,,,,,,,,,,
HPS_SD_CMD,Unknown,,,,3.3-V LVTTL,,,,,,,,,,,,,,
HPS_SD_DATA[0],Unknown,,,,3.3-V LVTTL,,,,,,,,,,,,,,
HPS_SD_DATA[1],Unknown,,,,3.3-V LVTTL,,,,,,,,,,,,,,
HPS_SD_DATA[2],Unknown,,,,3.3-V LVTTL,,,,,,,,,,,,,,
HPS_SD_DATA[3],Unknown,,,,3.3-V LVTTL,,,,,,,,,,,,,,
HPS_SPIM_CLK,Unknown,,,,3.3-V LVTTL,,,,,,,,,,,,,,
HPS_SPIM_MISO,Unknown,,,,3.3-V LVTTL,,,,,,,,,,,,,,
HPS_SPIM_MOSI,Unknown,,,,3.3-V LVTTL,,,,,,,,,,,,,,
HPS_SPIM_SS,Unknown,,,,3.3-V LVTTL,,,,,,,,,,,,,,
HPS_UART_RX,Unknown,,,,3.3-V LVTTL,,,,,,,,,,,,,,
HPS_UART_TX,Unknown,,,,3.3-V LVTTL,,,,,,,,,,,,,,
HPS_USB_CLKOUT,Unknown,,,,3.3-V LVTTL,,,,,,,,,,,,,,
HPS_USB_DATA[0],Unknown,,,,3.3-V LVTTL,,,,,,,,,,,,,,
HPS_USB_DATA[1],Unknown,,,,3.3-V LVTTL,,,,,,,,,,,,,,
HPS_USB_DATA[2],Unknown,,,,3.3-V LVTTL,,,,,,,,,,,,,,
HPS_USB_DATA[3],Unknown,,,,3.3-V LVTTL,,,,,,,,,,,,,,
HPS_USB_DATA[4],Unknown,,,,3.3-V LVTTL,,,,,,,,,,,,,,
HPS_USB_DATA[5],Unknown,,,,3.3-V LVTTL,,,,,,,,,,,,,,
HPS_USB_DATA[6],Unknown,,,,3.3-V LVTTL,,,,,,,,,,,,,,
HPS_USB_DATA[7],Unknown,,,,3.3-V LVTTL,,,,,,,,,,,,,,
HPS_USB_DIR,Unknown,,,,3.3-V LVTTL,,,,,,,,,,,,,,
HPS_USB_NXT,Unknown,,,,3.3-V LVTTL,,,,,,,,,,,,,,
HPS_USB_STP,Unknown,,,,3.3-V LVTTL,,,,,,,,,,,,,,
HPS_GPIO[0],Unknown,,,,3.3-V LVTTL,,,,,,,,,,,,,,
HPS_GPIO[1],Unknown,,,,3.3-V LVTTL,,,,,,,,,,,,,,
